{
  "$id": "5",
  "AutoRefresh": true,
  "AutoRefreshRemotes": true,
  "CommitTextLinks": null,
  "DraftCommitMsg": "",
  "IncomingSavedCount": 0,
  "LastCheckedRemotes": "2021-05-29T01:05:08.7385541+08:00",
  "LastUsedView": 1,
  "LogBranchFilterIndex": 0,
  "OutgoingSavedCount": 0,
  "SidebarExpandedItems": [
    "分支",
    "贮藏"
  ],
  "SidebarWidth": 210.0,
  "SubtreeLinks": [],
  "NeedsLargeFilesPull": false,
  "RemoteProjectLinks": [
    {
      "$id": "6",
      "BaseUrl": "",
      "Identifier": "mingxuangame/GenshinImpactTools",
      "RemoteName": "origin",
      "Type": -1,
      "Username": "",
      "CloneUrl": null,
      "ProjectUrl": null,
      "AccountId": "",
      "AvatarUrl": null,
      "DisplayName": "origin: "
    }
  ]
}